Booking_ID,Hotel_Type,Season,Rooms_Available,Base_Price,Demand_Level,Booking_Probability,Dynamic_Price,Revenue
1,City Hotel,Off-Peak,37,229,Low,0.6,234.1,140.46
2,Resort Hotel,Holiday,90,192,Low,0.76,188.46,143.23
3,City Hotel,Peak,123,260,High,0.63,223.94,141.08
4,City Hotel,Peak,49,184,Low,0.63,158.78,100.03
5,City Hotel,Peak,54,292,Low,0.54,273.1,147.47
6,Resort Hotel,Peak,71,77,Low,0.45,64.33,28.95
7,City Hotel,Peak,102,100,Low,0.59,123.85,73.07
8,City Hotel,Peak,124,284,Low,0.29,284.32,82.45
9,City Hotel,Peak,195,235,Low,0.97,234.02,227.0
10,Resort Hotel,Off-Peak,76,54,Medium,0.77,55.75,42.93
11,City Hotel,Holiday,65,54,High,0.96,68.25,65.52
12,City Hotel,Peak,49,143,Medium,0.38,201.55,76.59
13,City Hotel,Off-Peak,107,295,Low,0.9,392.75,353.48
14,City Hotel,Off-Peak,49,145,Low,0.85,189.84,161.36
15,Resort Hotel,Holiday,100,57,High,0.74,64.93,48.05
16,City Hotel,Peak,42,113,Medium,0.7,145.28,101.7
17,Resort Hotel,Holiday,15,187,High,0.45,221.96,99.88
18,Resort Hotel,Peak,156,87,Medium,0.85,82.77,70.35
19,Resort Hotel,Off-Peak,89,160,Low,0.6,151.36,90.82
20,City Hotel,Off-Peak,177,273,High,0.26,275.04,71.51
21,Resort Hotel,Off-Peak,101,161,High,0.45,231.45,104.15
22,City Hotel,Off-Peak,106,269,Low,0.95,318.28,302.37
23,Resort Hotel,Holiday,68,130,High,0.88,170.79,150.3
24,Resort Hotel,Peak,68,272,Medium,0.99,283.58,280.74
25,Resort Hotel,Peak,57,185,Medium,0.7,200.8,140.56
26,Resort Hotel,Holiday,178,153,Medium,0.4,135.85,54.34
27,Resort Hotel,Peak,22,202,Medium,0.33,185.82,61.32
28,Resort Hotel,Off-Peak,116,122,Low,0.35,168.26,58.89
29,Resort Hotel,Peak,54,243,High,0.22,293.88,64.65
30,Resort Hotel,Off-Peak,98,256,Medium,0.51,265.29,135.3
31,City Hotel,Holiday,190,227,Low,0.35,309.17,108.21
32,City Hotel,Peak,179,244,High,0.53,237.31,125.77
33,Resort Hotel,Holiday,109,98,High,0.95,145.36,138.09
34,Resort Hotel,Peak,164,85,Low,0.54,88.52,47.8
35,Resort Hotel,Off-Peak,175,175,Low,0.9,181.32,163.19
36,City Hotel,Holiday,197,117,Medium,0.68,119.15,81.02
37,Resort Hotel,Peak,16,127,High,0.4,112.46,44.98
38,City Hotel,Off-Peak,142,154,High,0.48,135.18,64.89
39,City Hotel,Holiday,54,218,Low,0.27,273.3,73.79
40,City Hotel,Holiday,67,266,High,0.47,375.75,176.6
41,City Hotel,Peak,40,171,Medium,0.74,231.43,171.26
42,City Hotel,Peak,32,168,High,0.26,150.99,39.26
43,Resort Hotel,Peak,179,239,Low,0.36,282.48,101.69
44,Resort Hotel,Off-Peak,147,163,Low,0.51,142.45,72.65
45,Resort Hotel,Peak,169,59,Medium,0.99,49.07,48.58
46,Resort Hotel,Holiday,116,198,Medium,0.83,249.38,206.99
47,Resort Hotel,Holiday,190,213,High,0.79,250.19,197.65
48,City Hotel,Peak,167,189,High,0.29,162.05,46.99
49,Resort Hotel,Peak,48,140,Low,0.82,115.42,94.64
50,Resort Hotel,Holiday,168,281,Medium,0.83,419.49,348.18
51,City Hotel,Off-Peak,91,51,Medium,0.68,41.87,28.47
52,Resort Hotel,Peak,109,167,Medium,0.99,185.57,183.71
53,City Hotel,Peak,11,62,High,0.46,71.5,32.89
54,Resort Hotel,Holiday,86,230,Medium,0.95,202.88,192.74
55,City Hotel,Peak,21,209,Low,0.93,191.93,178.49
56,Resort Hotel,Off-Peak,48,144,Low,0.21,150.66,31.64
57,Resort Hotel,Holiday,22,193,High,0.56,257.3,144.09
58,City Hotel,Peak,55,81,High,0.98,93.55,91.68
59,City Hotel,Holiday,164,81,Medium,0.28,100.97,28.27
60,City Hotel,Peak,122,173,High,0.64,257.7,164.93
61,City Hotel,Peak,26,275,Low,0.98,367.84,360.48
62,City Hotel,Peak,113,60,Medium,0.64,66.24,42.39
63,City Hotel,Off-Peak,107,59,Low,0.35,65.64,22.97
64,City Hotel,Off-Peak,197,64,Medium,0.67,78.92,52.88
65,City Hotel,Holiday,97,66,High,0.36,83.54,30.07
66,Resort Hotel,Peak,118,217,Medium,0.62,249.66,154.79
67,Resort Hotel,Peak,172,195,Medium,0.26,244.02,63.45
68,City Hotel,Off-Peak,79,232,Low,0.68,189.42,128.81
69,Resort Hotel,Peak,167,250,Low,0.61,275.18,167.86
70,Resort Hotel,Off-Peak,83,202,Medium,0.79,201.04,158.82
71,Resort Hotel,Peak,72,281,High,0.7,250.21,175.15
72,Resort Hotel,Holiday,165,108,High,0.64,93.93,60.12
73,City Hotel,Peak,69,127,Low,0.75,155.22,116.42
74,Resort Hotel,Peak,88,173,High,0.32,201.81,64.58
75,City Hotel,Off-Peak,46,299,Low,0.68,292.28,198.75
76,Resort Hotel,Peak,31,266,High,0.34,300.49,102.17
77,Resort Hotel,Peak,157,163,Medium,0.94,186.56,175.37
78,Resort Hotel,Off-Peak,105,71,Low,0.25,66.49,16.62
79,City Hotel,Holiday,77,293,Low,0.54,368.14,198.8
80,Resort Hotel,Holiday,26,207,Medium,0.76,278.76,211.86
81,City Hotel,Off-Peak,21,261,Low,0.57,353.4,201.44
82,Resort Hotel,Off-Peak,159,262,High,0.27,320.09,86.42
83,City Hotel,Off-Peak,154,221,High,0.64,255.95,163.81
84,Resort Hotel,Off-Peak,147,81,Low,0.71,68.26,48.46
85,City Hotel,Off-Peak,127,228,High,0.76,228.34,173.54
86,City Hotel,Holiday,31,223,Low,0.5,192.96,96.48
87,Resort Hotel,Holiday,129,162,Medium,0.65,238.9,155.28
88,City Hotel,Off-Peak,59,169,Low,0.56,151.18,84.66
89,Resort Hotel,Peak,23,198,Medium,0.74,179.44,132.79
90,Resort Hotel,Off-Peak,184,276,High,0.67,392.67,263.09
91,Resort Hotel,Peak,38,171,Medium,0.62,249.79,154.87
92,Resort Hotel,Off-Peak,173,81,High,0.4,108.22,43.29
93,Resort Hotel,Off-Peak,189,271,Low,0.2,217.83,43.57
94,Resort Hotel,Holiday,134,168,High,0.34,134.56,45.75
95,Resort Hotel,Peak,16,88,Low,0.29,93.69,27.17
96,Resort Hotel,Peak,38,290,Low,0.56,261.11,146.22
97,Resort Hotel,Holiday,148,61,Medium,0.69,49.59,34.22
98,Resort Hotel,Holiday,42,282,Medium,0.37,317.21,117.37
99,Resort Hotel,Holiday,143,224,Medium,0.95,327.07,310.72
100,City Hotel,Holiday,120,67,Medium,0.21,68.79,14.45
101,City Hotel,Peak,88,198,High,0.82,250.03,205.02
102,Resort Hotel,Peak,169,190,High,0.7,238.75,167.12
103,Resort Hotel,Off-Peak,188,198,High,0.5,193.2,96.6
104,Resort Hotel,Off-Peak,67,175,Low,0.24,219.68,52.72
105,Resort Hotel,Holiday,35,185,High,0.7,175.5,122.85
106,Resort Hotel,Holiday,183,95,High,0.51,84.11,42.9
107,Resort Hotel,Holiday,38,153,High,0.95,197.52,187.64
108,Resort Hotel,Off-Peak,13,287,Medium,0.63,252.39,159.01
109,Resort Hotel,Off-Peak,108,184,High,0.95,275.6,261.82
110,City Hotel,Off-Peak,150,200,Low,0.38,185.68,70.56
111,Resort Hotel,Off-Peak,48,285,Medium,0.78,346.53,270.29
112,City Hotel,Off-Peak,24,273,Low,0.69,297.01,204.94
113,Resort Hotel,Off-Peak,128,252,High,0.79,223.89,176.87
114,Resort Hotel,Off-Peak,38,135,Medium,0.37,110.63,40.93
115,City Hotel,Holiday,166,199,Low,0.73,245.95,179.54
116,Resort Hotel,Holiday,84,284,High,0.6,387.58,232.55
117,City Hotel,Holiday,125,138,Low,0.79,191.74,151.47
118,Resort Hotel,Holiday,41,71,Low,0.46,80.79,37.16
119,Resort Hotel,Off-Peak,139,141,Low,0.91,189.53,172.47
120,City Hotel,Peak,184,78,High,0.27,99.14,26.77
121,Resort Hotel,Off-Peak,93,62,High,0.85,81.03,68.88
122,City Hotel,Peak,31,259,Low,0.89,296.51,263.89
123,Resort Hotel,Holiday,36,51,Medium,0.85,63.41,53.9
124,City Hotel,Off-Peak,90,78,Medium,0.61,106.38,64.89
125,City Hotel,Holiday,135,262,High,0.55,282.57,155.41
126,Resort Hotel,Off-Peak,193,256,High,1.0,349.23,349.23
127,Resort Hotel,Holiday,101,229,High,0.38,278.1,105.68
128,City Hotel,Peak,30,76,High,0.64,69.63,44.56
129,Resort Hotel,Peak,56,99,High,0.74,80.91,59.87
130,Resort Hotel,Peak,110,144,Medium,0.76,151.77,115.35
131,Resort Hotel,Off-Peak,196,256,High,0.36,302.77,109.0
132,City Hotel,Peak,93,292,Low,0.72,405.26,291.79
133,City Hotel,Off-Peak,15,200,Low,0.85,177.85,151.17
134,City Hotel,Peak,156,137,Medium,0.24,186.34,44.72
135,City Hotel,Peak,194,93,Low,0.93,130.58,121.44
136,City Hotel,Off-Peak,140,254,Medium,0.22,229.99,50.6
137,City Hotel,Off-Peak,10,71,Medium,0.48,99.12,47.58
138,City Hotel,Peak,67,220,Low,0.21,328.68,69.02
139,City Hotel,Off-Peak,133,214,High,0.26,280.08,72.82
140,City Hotel,Peak,175,238,Low,0.93,321.14,298.66
141,Resort Hotel,Off-Peak,24,146,Low,0.48,218.43,104.85
142,City Hotel,Holiday,171,233,Medium,0.54,285.15,153.98
143,Resort Hotel,Holiday,198,52,Low,0.37,52.81,19.54
144,Resort Hotel,Holiday,172,240,Medium,0.68,332.71,226.24
145,Resort Hotel,Holiday,73,167,High,0.68,205.43,139.69
146,City Hotel,Holiday,34,68,High,0.5,82.06,41.03
147,City Hotel,Peak,33,72,High,0.47,70.38,33.08
148,City Hotel,Holiday,21,206,Low,0.91,273.86,249.21
149,City Hotel,Holiday,27,79,Medium,0.51,67.72,34.54
150,Resort Hotel,Holiday,24,88,High,0.59,127.34,75.13
151,City Hotel,Holiday,36,157,Medium,0.43,161.41,69.41
152,City Hotel,Off-Peak,81,160,Medium,0.83,142.31,118.12
153,City Hotel,Peak,69,74,High,0.52,82.11,42.7
154,City Hotel,Holiday,183,177,High,0.61,146.86,89.58
155,City Hotel,Holiday,154,278,Medium,0.4,355.63,142.25
156,Resort Hotel,Holiday,102,160,High,0.99,229.1,226.81
157,City Hotel,Peak,62,185,Medium,0.43,256.43,110.26
158,Resort Hotel,Off-Peak,17,155,Medium,0.82,137.82,113.01
159,City Hotel,Peak,88,235,High,0.54,208.77,112.74
160,Resort Hotel,Off-Peak,36,193,Low,0.36,264.29,95.14
161,City Hotel,Holiday,183,121,High,0.84,175.08,147.07
162,City Hotel,Holiday,59,178,Low,0.47,199.8,93.91
163,Resort Hotel,Peak,140,157,Medium,0.89,180.44,160.59
164,Resort Hotel,Peak,102,54,Medium,0.93,55.23,51.36
165,Resort Hotel,Off-Peak,181,52,Low,0.89,74.15,65.99
166,City Hotel,Off-Peak,190,242,Medium,0.23,302.85,69.66
167,Resort Hotel,Peak,33,181,Low,0.83,181.32,150.5
168,City Hotel,Off-Peak,69,153,Low,0.53,154.4,81.83
169,City Hotel,Peak,131,276,Medium,0.9,392.98,353.68
170,Resort Hotel,Off-Peak,140,273,Low,0.71,221.01,156.92
171,Resort Hotel,Peak,157,113,High,0.87,115.93,100.86
172,City Hotel,Peak,55,155,High,0.6,184.15,110.49
173,City Hotel,Peak,24,147,Medium,0.63,132.85,83.7
174,Resort Hotel,Off-Peak,162,284,Medium,0.32,245.51,78.56
175,Resort Hotel,Off-Peak,26,266,Low,0.83,364.6,302.62
176,Resort Hotel,Off-Peak,135,59,Low,0.54,84.14,45.44
177,City Hotel,Peak,93,198,Low,0.6,272.55,163.53
178,City Hotel,Off-Peak,18,177,Low,0.83,252.96,209.96
179,City Hotel,Off-Peak,175,95,High,0.68,112.78,76.69
180,City Hotel,Peak,185,280,High,0.36,383.2,137.95
181,City Hotel,Holiday,197,268,Medium,0.67,286.45,191.92
182,City Hotel,Peak,72,204,Low,0.53,258.34,136.92
183,Resort Hotel,Off-Peak,126,115,Low,0.58,171.6,99.53
184,City Hotel,Peak,139,218,Medium,0.22,208.85,45.95
185,City Hotel,Holiday,97,161,Low,0.37,172.74,63.91
186,City Hotel,Peak,81,62,Low,0.42,70.43,29.58
187,Resort Hotel,Off-Peak,148,186,Low,0.77,166.77,128.41
188,City Hotel,Holiday,73,293,Low,0.21,251.02,52.71
189,City Hotel,Off-Peak,81,213,Low,0.53,294.11,155.88
190,Resort Hotel,Holiday,30,135,Medium,0.94,200.31,188.29
191,City Hotel,Holiday,27,283,Low,0.29,306.58,88.91
192,City Hotel,Peak,73,139,Medium,0.61,119.73,73.04
193,City Hotel,Peak,91,107,Low,0.83,90.53,75.14
194,City Hotel,Off-Peak,119,103,High,0.95,146.66,139.33
195,City Hotel,Peak,104,61,High,0.8,68.6,54.88
196,Resort Hotel,Peak,175,258,High,0.78,264.2,206.08
197,Resort Hotel,Holiday,41,255,High,0.86,289.05,248.58
198,Resort Hotel,Peak,20,63,Medium,0.56,64.44,36.09
199,City Hotel,Holiday,54,170,Medium,0.84,194.2,163.13
200,City Hotel,Holiday,42,211,Low,0.21,295.76,62.11
201,City Hotel,Holiday,111,230,High,0.94,279.36,262.6
202,Resort Hotel,Off-Peak,178,170,Medium,0.55,218.66,120.26
203,City Hotel,Off-Peak,145,69,Low,0.64,72.81,46.6
204,City Hotel,Off-Peak,20,124,Low,0.4,163.3,65.32
205,Resort Hotel,Holiday,188,193,Medium,0.79,244.46,193.12
206,City Hotel,Off-Peak,97,292,High,0.26,258.04,67.09
207,Resort Hotel,Off-Peak,50,272,Low,0.9,326.63,293.97
208,Resort Hotel,Peak,154,296,High,0.86,290.0,249.4
209,Resort Hotel,Off-Peak,85,119,High,0.37,162.18,60.01
210,City Hotel,Off-Peak,130,105,High,0.85,115.31,98.01
211,City Hotel,Holiday,55,260,Low,0.83,389.03,322.89
212,City Hotel,Holiday,169,150,High,0.71,129.71,92.09
213,City Hotel,Holiday,89,235,Low,0.5,316.37,158.18
214,City Hotel,Holiday,63,181,High,0.42,230.16,96.67
215,City Hotel,Holiday,95,160,Low,0.39,213.96,83.44
216,City Hotel,Holiday,101,174,High,0.45,176.66,79.5
217,Resort Hotel,Off-Peak,157,181,Medium,0.92,207.14,190.57
218,City Hotel,Holiday,170,69,High,0.26,93.67,24.35
219,Resort Hotel,Holiday,177,187,High,0.86,180.04,154.83
220,City Hotel,Peak,169,73,Low,0.48,69.95,33.58
221,City Hotel,Off-Peak,106,295,Low,0.62,349.79,216.87
222,City Hotel,Off-Peak,11,276,High,0.84,321.95,270.44
223,Resort Hotel,Off-Peak,42,203,Medium,0.91,202.51,184.28
224,Resort Hotel,Holiday,167,86,Medium,0.48,86.74,41.64
225,Resort Hotel,Holiday,170,279,Low,0.57,277.46,158.15
226,Resort Hotel,Holiday,86,262,Medium,0.53,351.1,186.08
227,City Hotel,Peak,125,103,High,0.21,129.4,27.17
228,Resort Hotel,Holiday,163,281,Low,0.44,388.54,170.96
229,City Hotel,Peak,159,152,High,0.57,225.39,128.47
230,City Hotel,Off-Peak,112,198,Low,0.53,224.12,118.78
231,Resort Hotel,Holiday,175,251,Low,0.78,212.52,165.77
232,Resort Hotel,Peak,112,87,Low,0.51,72.53,36.99
233,Resort Hotel,Peak,99,223,Low,0.59,224.55,132.48
234,Resort Hotel,Holiday,183,53,Medium,0.54,77.0,41.58
235,Resort Hotel,Off-Peak,131,237,High,0.79,276.4,218.36
236,Resort Hotel,Off-Peak,152,106,High,0.89,104.97,93.42
237,Resort Hotel,Off-Peak,115,222,High,0.63,239.63,150.97
238,Resort Hotel,Peak,128,69,Low,0.83,84.11,69.81
239,City Hotel,Peak,181,66,Medium,0.44,82.97,36.51
240,Resort Hotel,Peak,58,168,High,0.63,152.5,96.08
241,Resort Hotel,Peak,113,120,Medium,0.48,178.07,85.47
242,City Hotel,Off-Peak,70,53,Low,0.53,62.61,33.18
243,Resort Hotel,Holiday,132,270,High,0.79,241.65,190.9
244,City Hotel,Peak,143,63,Medium,0.91,89.81,81.73
245,City Hotel,Peak,18,52,Low,0.3,44.32,13.3
246,Resort Hotel,Off-Peak,15,265,Medium,0.71,380.38,270.07
247,City Hotel,Holiday,82,278,High,0.67,416.33,278.94
248,City Hotel,Holiday,112,129,High,0.29,166.45,48.27
249,City Hotel,Off-Peak,169,235,Low,0.37,314.74,116.45
250,City Hotel,Off-Peak,50,104,Low,0.45,107.76,48.49
251,Resort Hotel,Holiday,123,293,Low,0.33,427.52,141.08
252,City Hotel,Peak,17,181,Medium,0.39,211.91,82.64
253,Resort Hotel,Holiday,81,169,Medium,0.41,221.84,90.95
254,City Hotel,Off-Peak,187,73,Medium,0.47,105.62,49.64
255,City Hotel,Peak,101,211,Low,0.8,312.83,250.26
256,City Hotel,Peak,71,207,High,0.66,286.33,188.98
257,City Hotel,Off-Peak,93,131,High,0.99,132.59,131.26
258,Resort Hotel,Off-Peak,71,196,Medium,0.53,289.41,153.39
259,Resort Hotel,Off-Peak,120,208,Medium,0.8,257.85,206.28
260,City Hotel,Holiday,136,237,High,0.9,343.99,309.59
261,City Hotel,Holiday,16,109,High,0.74,138.79,102.7
262,Resort Hotel,Peak,93,196,Medium,0.53,198.95,105.44
263,City Hotel,Off-Peak,141,98,Medium,0.8,103.78,83.02
264,City Hotel,Peak,143,112,High,0.36,132.76,47.79
265,City Hotel,Peak,67,159,Low,0.46,215.13,98.96
266,Resort Hotel,Peak,31,260,Medium,0.64,265.87,170.16
267,Resort Hotel,Peak,163,199,High,0.66,239.96,158.37
268,Resort Hotel,Off-Peak,136,201,High,0.22,209.43,46.07
269,City Hotel,Peak,12,158,High,0.96,216.62,207.96
270,City Hotel,Off-Peak,136,125,High,0.76,140.84,107.04
271,Resort Hotel,Off-Peak,50,79,Low,0.6,67.44,40.46
272,Resort Hotel,Holiday,197,107,High,0.95,98.04,93.14
273,Resort Hotel,Off-Peak,115,279,Medium,0.55,235.13,129.32
274,Resort Hotel,Holiday,23,166,Low,0.98,190.82,187.0
275,City Hotel,Off-Peak,21,208,High,0.61,181.88,110.95
276,Resort Hotel,Off-Peak,96,149,Low,0.29,131.1,38.02
277,City Hotel,Off-Peak,21,241,Medium,0.81,351.55,284.76
278,Resort Hotel,Holiday,150,68,High,0.74,95.94,71.0
279,City Hotel,Holiday,34,225,Medium,0.82,251.2,205.98
280,Resort Hotel,Peak,54,222,High,0.96,330.79,317.56
281,Resort Hotel,Holiday,131,277,High,0.82,221.64,181.74
282,Resort Hotel,Holiday,156,143,High,0.69,175.86,121.34
283,Resort Hotel,Holiday,64,232,High,0.89,285.71,254.28
284,City Hotel,Holiday,109,162,High,0.74,181.47,134.29
285,Resort Hotel,Peak,182,232,Low,0.53,250.06,132.53
286,City Hotel,Holiday,145,274,High,0.91,306.54,278.95
287,City Hotel,Off-Peak,128,195,High,0.38,212.64,80.8
288,City Hotel,Off-Peak,62,112,Low,0.77,146.87,113.09
289,City Hotel,Holiday,192,165,Low,0.91,147.63,134.34
290,Resort Hotel,Holiday,41,162,Low,0.79,152.01,120.09
291,City Hotel,Off-Peak,60,269,Low,0.76,249.19,189.38
292,City Hotel,Off-Peak,53,96,Low,0.8,94.44,75.55
293,City Hotel,Peak,91,252,Low,0.57,294.26,167.73
294,Resort Hotel,Off-Peak,155,106,High,0.9,93.05,83.74
295,Resort Hotel,Off-Peak,159,167,High,0.36,235.09,84.63
296,Resort Hotel,Holiday,46,94,Medium,0.3,94.77,28.43
297,Resort Hotel,Off-Peak,105,210,High,0.43,191.89,82.51
298,City Hotel,Peak,65,194,High,0.63,246.95,155.58
299,City Hotel,Off-Peak,114,247,Low,0.61,204.19,124.56
300,Resort Hotel,Holiday,68,53,Low,0.86,65.4,56.24
301,City Hotel,Holiday,140,197,High,0.52,253.88,132.02
302,City Hotel,Off-Peak,165,289,Medium,0.59,274.68,162.06
303,City Hotel,Holiday,44,96,Low,0.21,79.62,16.72
304,Resort Hotel,Peak,198,268,High,0.53,282.62,149.79
305,Resort Hotel,Peak,102,192,High,0.72,166.85,120.13
306,City Hotel,Off-Peak,191,247,Medium,0.21,217.74,45.73
307,Resort Hotel,Off-Peak,106,96,Medium,0.42,93.89,39.43
308,Resort Hotel,Off-Peak,144,127,Low,0.37,127.87,47.31
309,Resort Hotel,Holiday,85,173,Medium,0.23,202.58,46.59
310,Resort Hotel,Peak,58,124,High,0.58,158.08,91.69
311,Resort Hotel,Peak,103,152,High,0.35,184.67,64.63
312,City Hotel,Holiday,168,186,Medium,0.79,168.12,132.81
313,Resort Hotel,Peak,195,139,Medium,0.88,127.94,112.59
314,City Hotel,Off-Peak,198,193,Medium,0.64,273.12,174.8
315,City Hotel,Off-Peak,33,118,Medium,0.99,140.52,139.11
316,Resort Hotel,Off-Peak,157,298,Low,0.56,419.87,235.13
317,City Hotel,Peak,46,293,Medium,0.61,310.6,189.47
318,City Hotel,Off-Peak,13,110,Low,0.99,135.31,133.96
319,City Hotel,Holiday,117,187,High,0.39,218.15,85.08
320,Resort Hotel,Holiday,135,99,Medium,0.95,101.32,96.25
321,Resort Hotel,Peak,29,52,Low,0.23,58.7,13.5
322,City Hotel,Holiday,197,254,Medium,0.56,292.54,163.82
323,Resort Hotel,Holiday,161,156,High,0.26,146.72,38.15
324,Resort Hotel,Peak,59,162,High,0.78,165.32,128.95
325,Resort Hotel,Off-Peak,186,143,High,0.69,193.62,133.6
326,Resort Hotel,Off-Peak,188,167,Medium,0.77,240.66,185.31
327,City Hotel,Off-Peak,105,286,Medium,0.5,300.83,150.42
328,City Hotel,Peak,114,247,Low,0.5,250.68,125.34
329,Resort Hotel,Holiday,173,130,High,0.24,121.76,29.22
330,Resort Hotel,Off-Peak,126,158,Medium,0.48,201.44,96.69
331,City Hotel,Off-Peak,107,100,High,0.94,102.62,96.46
332,City Hotel,Peak,75,294,High,0.5,438.48,219.24
333,Resort Hotel,Off-Peak,88,196,Low,0.87,201.48,175.29
334,City Hotel,Peak,171,219,Low,0.87,235.62,204.99
335,Resort Hotel,Holiday,173,84,Low,0.5,102.68,51.34
336,Resort Hotel,Peak,15,95,Low,0.71,129.31,91.81
337,City Hotel,Peak,48,203,High,0.28,229.12,64.15
338,City Hotel,Peak,179,292,Low,0.28,319.99,89.6
339,Resort Hotel,Peak,124,118,Low,0.24,176.64,42.39
340,Resort Hotel,Holiday,195,142,Low,0.66,114.64,75.66
341,City Hotel,Holiday,134,113,Low,0.54,161.2,87.05
342,Resort Hotel,Off-Peak,21,214,High,0.64,193.54,123.87
343,City Hotel,Holiday,140,261,Low,0.62,352.39,218.48
344,Resort Hotel,Holiday,27,98,High,0.48,120.79,57.98
345,City Hotel,Off-Peak,49,198,Medium,0.74,205.78,152.28
346,City Hotel,Holiday,30,123,High,0.81,173.64,140.65
347,City Hotel,Peak,152,241,High,0.21,194.98,40.95
348,Resort Hotel,Peak,108,54,Low,0.37,51.77,19.15
349,Resort Hotel,Off-Peak,35,149,Medium,0.77,178.33,137.31
350,City Hotel,Off-Peak,17,119,Medium,0.51,124.48,63.48
351,Resort Hotel,Off-Peak,109,139,Medium,0.73,170.59,124.53
352,City Hotel,Peak,96,53,Medium,0.48,43.29,20.78
353,City Hotel,Holiday,51,175,High,0.51,154.27,78.68
354,Resort Hotel,Peak,181,280,Medium,0.33,248.91,82.14
355,Resort Hotel,Off-Peak,23,88,High,0.41,82.06,33.64
356,City Hotel,Holiday,87,291,High,0.68,326.37,221.93
357,Resort Hotel,Holiday,11,212,High,0.55,281.22,154.67
358,Resort Hotel,Peak,128,178,Medium,0.82,255.23,209.29
359,City Hotel,Off-Peak,46,73,Low,0.88,101.09,88.96
360,City Hotel,Peak,78,106,Low,0.63,99.41,62.63
361,Resort Hotel,Holiday,175,149,Medium,0.81,165.21,133.82
362,City Hotel,Peak,50,119,Low,0.45,111.81,50.31
363,City Hotel,Peak,71,90,Low,0.53,88.66,46.99
364,Resort Hotel,Off-Peak,69,231,High,0.77,266.22,204.99
365,City Hotel,Off-Peak,134,223,High,0.51,189.03,96.41
366,City Hotel,Holiday,120,109,Medium,0.67,103.85,69.58
367,Resort Hotel,Peak,23,157,Medium,0.35,228.4,79.94
368,Resort Hotel,Peak,93,237,Low,0.68,266.93,181.51
369,City Hotel,Peak,139,106,High,0.89,117.85,104.89
370,City Hotel,Holiday,79,80,Medium,0.89,64.82,57.69
371,Resort Hotel,Holiday,154,133,Medium,0.78,129.43,100.96
372,Resort Hotel,Off-Peak,132,201,Medium,0.8,282.69,226.15
373,Resort Hotel,Off-Peak,98,266,Medium,0.65,243.45,158.24
374,Resort Hotel,Off-Peak,37,85,Medium,0.67,92.7,62.11
375,City Hotel,Peak,75,262,Medium,0.31,212.23,65.79
376,Resort Hotel,Peak,172,207,Low,0.56,234.91,131.55
377,Resort Hotel,Off-Peak,14,201,High,0.56,163.76,91.71
378,City Hotel,Peak,177,157,High,0.97,215.68,209.21
379,Resort Hotel,Off-Peak,193,155,Medium,0.54,213.5,115.29
380,City Hotel,Holiday,173,207,High,0.64,279.74,179.03
381,Resort Hotel,Off-Peak,54,135,High,0.63,134.78,84.91
382,Resort Hotel,Holiday,160,269,High,0.71,372.85,264.72
383,Resort Hotel,Peak,56,184,Medium,0.8,217.14,173.71
384,City Hotel,Off-Peak,40,212,Medium,0.38,225.07,85.53
385,City Hotel,Peak,148,232,High,0.62,287.15,178.03
386,Resort Hotel,Holiday,19,269,High,0.86,217.52,187.07
387,City Hotel,Holiday,127,63,Medium,0.57,56.7,32.32
388,City Hotel,Holiday,23,169,Low,0.42,223.01,93.66
389,City Hotel,Peak,89,187,High,0.72,181.56,130.72
390,City Hotel,Peak,102,129,Low,0.86,157.2,135.19
391,City Hotel,Peak,19,193,High,0.25,206.43,51.61
392,City Hotel,Peak,85,231,Low,0.82,323.02,264.88
393,Resort Hotel,Holiday,103,272,Low,0.86,398.94,343.09
394,Resort Hotel,Holiday,114,155,Low,0.57,219.87,125.33
395,City Hotel,Off-Peak,10,266,Medium,0.99,263.19,260.56
396,Resort Hotel,Off-Peak,142,254,Low,0.83,237.72,197.31
397,Resort Hotel,Peak,29,119,Low,0.82,134.72,110.47
398,Resort Hotel,Holiday,17,93,Low,0.8,74.88,59.9
399,Resort Hotel,Holiday,180,122,High,0.32,99.8,31.94
400,City Hotel,Holiday,10,94,Low,0.37,111.61,41.3
401,Resort Hotel,Off-Peak,66,277,High,0.57,322.52,183.84
402,Resort Hotel,Off-Peak,73,233,Low,0.41,348.62,142.93
403,City Hotel,Holiday,127,156,Low,0.53,146.84,77.83
404,City Hotel,Holiday,37,133,Medium,0.91,130.43,118.69
405,Resort Hotel,Holiday,130,131,High,0.86,115.21,99.08
406,Resort Hotel,Off-Peak,116,299,Low,0.7,431.24,301.87
407,Resort Hotel,Holiday,174,156,High,0.89,209.74,186.67
408,Resort Hotel,Holiday,184,234,High,0.83,321.9,267.18
409,Resort Hotel,Peak,174,70,Medium,0.54,100.24,54.13
410,Resort Hotel,Peak,58,245,Medium,0.36,286.02,102.97
411,City Hotel,Off-Peak,129,227,Medium,0.61,253.29,154.51
412,Resort Hotel,Holiday,53,210,Medium,0.79,216.57,171.09
413,Resort Hotel,Holiday,65,268,Medium,0.55,324.94,178.72
414,City Hotel,Peak,165,56,Medium,0.73,62.61,45.71
415,City Hotel,Off-Peak,120,119,Medium,0.28,132.82,37.19
416,City Hotel,Peak,143,176,Medium,0.8,256.23,204.98
417,City Hotel,Peak,117,192,Low,0.85,285.85,242.97
418,Resort Hotel,Peak,198,259,High,0.77,351.6,270.73
419,Resort Hotel,Peak,157,209,Medium,0.97,277.91,269.57
420,Resort Hotel,Holiday,123,297,Medium,0.86,379.09,326.02
421,Resort Hotel,Holiday,87,252,High,0.92,230.9,212.43
422,Resort Hotel,Peak,139,197,Low,0.95,165.75,157.46
423,Resort Hotel,Off-Peak,46,265,High,0.84,340.13,285.71
424,City Hotel,Off-Peak,29,192,High,0.74,251.55,186.15
425,Resort Hotel,Off-Peak,35,225,Medium,0.2,187.4,37.48
426,City Hotel,Off-Peak,38,248,High,0.57,359.51,204.92
427,City Hotel,Peak,10,198,High,0.66,171.03,112.88
428,Resort Hotel,Holiday,128,219,Medium,0.44,219.03,96.37
429,City Hotel,Off-Peak,44,203,Medium,0.45,257.95,116.08
430,Resort Hotel,Peak,68,285,Medium,0.97,261.89,254.03
431,City Hotel,Off-Peak,78,169,Medium,0.91,141.76,129.0
432,Resort Hotel,Off-Peak,170,177,High,0.88,182.63,160.71
433,City Hotel,Peak,188,191,High,0.52,255.21,132.71
434,Resort Hotel,Holiday,21,106,Low,0.21,115.49,24.25
435,Resort Hotel,Holiday,29,214,Low,0.26,269.02,69.95
436,Resort Hotel,Peak,190,107,High,0.45,129.01,58.05
437,Resort Hotel,Holiday,52,70,Low,0.21,57.09,11.99
438,Resort Hotel,Peak,135,131,High,0.21,195.45,41.04
439,City Hotel,Peak,59,118,Low,0.93,97.82,90.97
440,City Hotel,Peak,38,180,Medium,0.76,265.94,202.11
441,City Hotel,Holiday,194,136,Low,0.45,161.15,72.52
442,Resort Hotel,Peak,48,267,Medium,0.31,393.61,122.02
443,City Hotel,Off-Peak,193,214,Medium,0.61,188.39,114.92
444,Resort Hotel,Holiday,180,265,Medium,0.2,302.97,60.59
445,Resort Hotel,Holiday,187,98,Medium,0.95,90.03,85.53
446,City Hotel,Holiday,160,196,Low,0.53,163.79,86.81
447,City Hotel,Holiday,181,164,High,0.52,202.09,105.09
448,Resort Hotel,Off-Peak,47,138,Medium,0.51,130.47,66.54
449,City Hotel,Holiday,93,134,Low,0.26,162.33,42.21
450,Resort Hotel,Holiday,160,177,Medium,0.71,155.52,110.42
451,Resort Hotel,Peak,137,189,Low,0.79,195.12,154.14
452,Resort Hotel,Holiday,135,298,Low,0.74,401.45,297.07
453,Resort Hotel,Off-Peak,54,238,Low,0.31,263.21,81.6
454,Resort Hotel,Off-Peak,61,218,High,0.66,270.19,178.33
455,City Hotel,Off-Peak,89,210,Low,0.66,263.18,173.7
456,City Hotel,Off-Peak,187,227,Low,0.89,315.67,280.95
457,Resort Hotel,Holiday,133,166,High,0.5,170.56,85.28
458,Resort Hotel,Holiday,128,245,High,0.5,313.87,156.94
459,City Hotel,Off-Peak,17,176,Low,0.69,259.27,178.9
460,City Hotel,Off-Peak,94,283,High,0.71,371.06,263.45
461,Resort Hotel,Holiday,138,298,Medium,0.58,340.59,197.54
462,City Hotel,Off-Peak,17,120,Medium,0.55,148.98,81.94
463,Resort Hotel,Peak,166,135,High,0.6,177.9,106.74
464,City Hotel,Off-Peak,105,296,High,0.89,363.66,323.66
465,Resort Hotel,Off-Peak,111,82,Low,0.57,66.56,37.94
466,City Hotel,Peak,14,130,High,0.95,121.72,115.63
467,Resort Hotel,Peak,95,201,Low,0.6,274.83,164.9
468,City Hotel,Holiday,184,110,Medium,0.96,108.99,104.63
469,City Hotel,Holiday,43,110,High,0.87,144.33,125.57
470,Resort Hotel,Peak,64,147,Low,0.49,155.89,76.39
471,City Hotel,Peak,128,77,Low,0.89,89.73,79.86
472,Resort Hotel,Holiday,180,235,Medium,0.29,199.18,57.76
473,City Hotel,Off-Peak,167,92,High,0.94,85.27,80.15
474,Resort Hotel,Peak,123,218,Medium,0.71,320.47,227.53
475,City Hotel,Holiday,154,216,Low,0.24,307.39,73.77
476,Resort Hotel,Off-Peak,35,135,Low,0.72,169.64,122.14
477,City Hotel,Peak,145,226,High,0.98,253.52,248.45
478,Resort Hotel,Off-Peak,56,66,Low,0.26,84.02,21.85
479,City Hotel,Holiday,122,147,High,0.64,181.25,116.0
480,Resort Hotel,Peak,85,247,Medium,0.8,295.9,236.72
481,Resort Hotel,Off-Peak,81,287,High,0.85,241.49,205.27
482,Resort Hotel,Peak,98,247,High,0.53,307.01,162.72
483,City Hotel,Off-Peak,55,147,Low,0.36,196.72,70.82
484,Resort Hotel,Holiday,42,114,Low,0.23,170.53,39.22
485,City Hotel,Holiday,10,123,High,0.66,99.35,65.57
486,Resort Hotel,Peak,156,134,Low,0.56,175.69,98.39
487,City Hotel,Off-Peak,40,54,Low,0.96,64.81,62.22
488,Resort Hotel,Peak,151,51,Low,0.25,56.3,14.08
489,City Hotel,Peak,62,71,High,0.75,63.14,47.36
490,City Hotel,Off-Peak,57,161,Low,0.22,174.9,38.48
491,Resort Hotel,Off-Peak,78,106,High,0.34,111.09,37.77
492,City Hotel,Off-Peak,114,115,Low,0.56,116.38,65.17
493,City Hotel,Holiday,99,123,Medium,0.56,161.33,90.34
494,Resort Hotel,Peak,199,147,Low,0.75,189.7,142.27
495,City Hotel,Peak,72,193,Low,0.93,233.98,217.6
496,City Hotel,Holiday,82,161,High,0.71,234.59,166.56
497,City Hotel,Off-Peak,170,228,High,0.96,238.24,228.71
498,Resort Hotel,Holiday,178,174,Low,0.91,168.9,153.7
499,City Hotel,Holiday,98,216,Medium,0.67,271.97,182.22
500,Resort Hotel,Holiday,185,135,Low,0.87,126.79,110.31
501,City Hotel,Peak,22,125,Low,0.71,127.56,90.57
502,City Hotel,Holiday,82,137,Medium,0.26,131.14,34.1
503,City Hotel,Peak,86,288,High,0.79,244.34,193.03
504,Resort Hotel,Peak,168,217,Low,0.28,299.3,83.8
505,City Hotel,Peak,77,87,High,0.68,85.1,57.87
506,City Hotel,Off-Peak,107,237,High,0.76,268.08,203.74
507,Resort Hotel,Peak,134,108,Medium,0.25,89.67,22.42
508,City Hotel,Peak,111,187,Medium,0.38,241.14,91.63
509,Resort Hotel,Off-Peak,141,148,High,0.93,152.65,141.96
510,Resort Hotel,Peak,111,241,Low,0.69,318.44,219.72
511,City Hotel,Holiday,28,292,High,0.4,317.9,127.16
512,Resort Hotel,Holiday,91,112,Low,0.75,104.95,78.71
513,City Hotel,Peak,150,98,Low,0.68,113.6,77.25
514,Resort Hotel,Off-Peak,32,241,Medium,0.6,214.82,128.89
515,Resort Hotel,Holiday,92,81,Low,0.98,89.78,87.98
516,City Hotel,Off-Peak,118,184,Low,0.75,188.07,141.05
517,Resort Hotel,Off-Peak,84,70,High,0.5,100.69,50.34
518,Resort Hotel,Holiday,138,69,Medium,0.84,58.14,48.84
519,Resort Hotel,Off-Peak,97,203,Low,0.91,261.02,237.53
520,Resort Hotel,Holiday,63,176,Low,0.3,163.31,48.99
521,Resort Hotel,Off-Peak,98,117,Medium,0.36,119.73,43.1
522,City Hotel,Holiday,152,159,High,0.37,173.45,64.18
523,Resort Hotel,Peak,74,165,Medium,0.75,236.88,177.66
524,City Hotel,Holiday,85,263,Medium,0.68,255.06,173.44
525,Resort Hotel,Holiday,152,192,Low,0.7,165.87,116.11
526,City Hotel,Holiday,158,169,Low,0.95,172.9,164.26
527,City Hotel,Holiday,156,281,High,0.82,245.39,201.22
528,Resort Hotel,Off-Peak,69,262,Low,0.3,233.18,69.95
529,Resort Hotel,Peak,102,128,Low,0.48,153.82,73.83
530,Resort Hotel,Holiday,170,263,Medium,0.55,221.61,121.89
531,City Hotel,Off-Peak,58,165,Low,0.52,135.57,70.5
532,Resort Hotel,Peak,44,141,High,0.74,183.31,135.65
533,City Hotel,Peak,181,63,Medium,0.91,66.35,60.38
534,City Hotel,Peak,111,204,High,0.44,181.1,79.68
535,City Hotel,Peak,20,174,Medium,0.64,170.09,108.86
536,Resort Hotel,Holiday,108,282,Low,0.83,352.35,292.45
537,Resort Hotel,Holiday,119,217,Medium,0.53,215.45,114.19
538,City Hotel,Off-Peak,83,107,Medium,0.33,122.64,40.47
539,City Hotel,Off-Peak,183,77,Low,0.58,68.16,39.53
540,Resort Hotel,Off-Peak,18,75,Low,0.24,90.87,21.81
541,City Hotel,Peak,12,162,High,0.95,165.44,157.17
542,Resort Hotel,Peak,94,240,High,0.26,297.33,77.31
543,City Hotel,Holiday,35,115,Low,0.55,157.08,86.39
544,Resort Hotel,Peak,81,202,Low,0.62,248.09,153.82
545,City Hotel,Peak,57,297,Low,0.99,299.09,296.1
546,Resort Hotel,Peak,165,180,Medium,0.33,176.22,58.15
547,City Hotel,Off-Peak,126,249,Medium,0.29,256.27,74.32
548,Resort Hotel,Off-Peak,163,93,Medium,0.21,85.12,17.88
549,Resort Hotel,Holiday,162,146,Low,0.32,135.32,43.3
550,City Hotel,Peak,21,91,High,0.37,123.17,45.57
551,City Hotel,Peak,142,293,Low,0.7,313.31,219.32
552,Resort Hotel,Holiday,57,276,Medium,0.38,305.03,115.91
553,City Hotel,Peak,46,55,Medium,0.22,66.87,14.71
554,Resort Hotel,Peak,53,216,Low,0.86,261.96,225.29
555,City Hotel,Off-Peak,24,229,Low,0.49,194.0,95.06
556,Resort Hotel,Holiday,52,72,Medium,0.48,99.51,47.76
557,Resort Hotel,Holiday,185,138,Medium,0.44,127.53,56.11
558,Resort Hotel,Holiday,96,172,Medium,0.98,224.66,220.17
559,Resort Hotel,Holiday,79,227,Low,0.34,304.38,103.49
560,Resort Hotel,Off-Peak,55,220,Medium,0.92,286.09,263.2
561,Resort Hotel,Off-Peak,117,196,Medium,0.82,236.24,193.72
562,City Hotel,Peak,132,246,High,0.26,199.32,51.82
563,City Hotel,Peak,180,100,Low,0.99,105.23,104.18
564,City Hotel,Peak,30,60,High,0.42,73.4,30.83
565,Resort Hotel,Peak,160,297,High,0.28,318.15,89.08
566,Resort Hotel,Off-Peak,116,61,Medium,0.86,85.67,73.68
567,Resort Hotel,Holiday,89,123,Low,0.77,124.99,96.24
568,Resort Hotel,Off-Peak,56,57,Medium,0.69,57.31,39.54
569,City Hotel,Peak,126,201,Low,0.32,198.23,63.43
570,City Hotel,Off-Peak,133,269,High,0.58,277.86,161.16
571,Resort Hotel,Holiday,152,90,Low,0.82,107.12,87.84
572,City Hotel,Holiday,34,213,Medium,0.44,275.82,121.36
573,City Hotel,Off-Peak,45,278,Medium,0.45,351.34,158.1
574,Resort Hotel,Off-Peak,60,134,Medium,0.2,182.96,36.59
575,City Hotel,Off-Peak,24,121,Low,0.34,171.84,58.43
576,Resort Hotel,Peak,77,104,High,0.9,142.61,128.35
577,City Hotel,Off-Peak,30,186,High,0.55,151.27,83.2
578,Resort Hotel,Off-Peak,150,96,Low,0.99,126.25,124.99
579,Resort Hotel,Off-Peak,28,192,Medium,0.52,181.61,94.44
580,Resort Hotel,Holiday,43,225,High,0.77,200.94,154.72
581,Resort Hotel,Holiday,87,287,Medium,0.43,357.87,153.88
582,City Hotel,Peak,134,153,Low,0.49,156.64,76.75
583,Resort Hotel,Peak,126,259,Medium,0.35,217.56,76.15
584,Resort Hotel,Holiday,61,91,High,0.48,81.57,39.15
585,Resort Hotel,Holiday,36,109,High,0.64,87.27,55.85
586,City Hotel,Holiday,166,261,Medium,0.99,373.82,370.08
587,Resort Hotel,Off-Peak,165,247,Low,0.73,201.86,147.36
588,City Hotel,Off-Peak,44,61,Medium,0.36,57.74,20.79
589,Resort Hotel,Holiday,145,179,Low,0.24,195.36,46.89
590,City Hotel,Off-Peak,153,56,Medium,0.3,58.78,17.63
591,City Hotel,Off-Peak,115,129,High,0.65,185.53,120.59
592,Resort Hotel,Peak,173,180,Low,0.81,149.08,120.75
593,City Hotel,Holiday,167,158,Low,0.95,183.05,173.9
594,Resort Hotel,Holiday,155,52,Low,0.21,66.37,13.94
595,Resort Hotel,Off-Peak,11,76,High,0.62,110.37,68.43
596,Resort Hotel,Holiday,186,163,Medium,0.58,201.18,116.68
597,City Hotel,Peak,86,156,High,0.72,212.57,153.05
598,City Hotel,Peak,141,89,Low,0.65,76.42,49.67
599,Resort Hotel,Peak,99,279,Medium,0.75,298.57,223.93
600,Resort Hotel,Holiday,98,210,High,0.73,222.97,162.77
601,City Hotel,Holiday,103,269,Low,0.29,382.09,110.81
602,Resort Hotel,Holiday,16,178,Low,0.84,161.26,135.46
603,Resort Hotel,Holiday,104,296,High,0.3,268.27,80.48
604,Resort Hotel,Holiday,117,57,High,0.76,58.71,44.62
605,City Hotel,Peak,83,150,High,0.53,125.72,66.63
606,City Hotel,Off-Peak,48,209,Low,0.61,193.89,118.27
607,City Hotel,Peak,150,173,High,0.92,255.29,234.87
608,Resort Hotel,Holiday,168,225,Low,0.91,247.44,225.17
609,Resort Hotel,Peak,80,156,High,0.85,193.82,164.75
610,Resort Hotel,Holiday,65,150,Low,0.61,196.24,119.71
611,City Hotel,Holiday,179,53,Low,0.79,56.01,44.25
612,Resort Hotel,Peak,198,271,Medium,0.61,244.73,149.29
613,Resort Hotel,Holiday,51,247,High,0.9,233.32,209.99
614,Resort Hotel,Off-Peak,193,159,High,0.52,162.07,84.28
615,Resort Hotel,Holiday,45,295,Low,0.98,367.35,360.0
616,City Hotel,Off-Peak,93,68,Low,0.95,73.36,69.69
617,City Hotel,Off-Peak,127,81,Low,0.79,65.19,51.5
618,Resort Hotel,Holiday,16,186,Medium,0.42,216.95,91.12
619,City Hotel,Peak,63,61,Medium,0.31,88.15,27.33
620,City Hotel,Off-Peak,138,188,Low,0.88,257.27,226.4
621,Resort Hotel,Peak,181,95,High,0.33,130.88,43.19
622,Resort Hotel,Off-Peak,129,168,High,0.88,227.9,200.55
623,City Hotel,Holiday,182,65,Medium,0.59,66.73,39.37
624,Resort Hotel,Holiday,115,178,Medium,0.53,237.74,126.0
625,City Hotel,Off-Peak,56,112,Low,0.92,100.82,92.75
626,Resort Hotel,Holiday,132,158,High,0.68,199.14,135.42
627,City Hotel,Off-Peak,150,168,Low,0.66,209.85,138.5
628,Resort Hotel,Holiday,128,294,Medium,0.65,240.46,156.3
629,City Hotel,Peak,159,70,High,0.5,94.61,47.3
630,City Hotel,Holiday,127,207,High,0.83,296.48,246.08
631,City Hotel,Peak,30,62,Medium,0.4,61.21,24.48
632,Resort Hotel,Holiday,146,211,Low,0.95,288.79,274.35
633,City Hotel,Peak,35,53,Low,0.92,45.46,41.82
634,City Hotel,Holiday,18,205,High,0.47,250.1,117.55
635,Resort Hotel,Peak,24,151,Medium,0.78,172.13,134.26
636,Resort Hotel,Off-Peak,19,299,High,0.66,353.46,233.28
637,City Hotel,Off-Peak,131,272,Medium,0.47,393.95,185.16
638,City Hotel,Peak,130,108,Low,0.99,152.27,150.75
639,Resort Hotel,Holiday,134,296,Medium,0.22,399.47,87.88
640,Resort Hotel,Peak,179,177,Low,0.4,175.51,70.2
641,Resort Hotel,Holiday,81,76,Medium,0.62,109.31,67.77
642,Resort Hotel,Off-Peak,161,118,High,0.62,102.45,63.52
643,Resort Hotel,Holiday,58,74,Low,0.67,103.4,69.28
644,City Hotel,Off-Peak,163,180,High,0.8,185.35,148.28
645,Resort Hotel,Holiday,100,146,High,0.7,122.3,85.61
646,City Hotel,Holiday,46,245,Low,0.68,310.79,211.34
647,City Hotel,Holiday,77,74,Low,0.24,71.18,17.08
648,City Hotel,Peak,59,197,High,0.5,191.19,95.6
649,Resort Hotel,Peak,161,211,High,0.39,214.0,83.46
650,City Hotel,Off-Peak,28,203,High,0.41,171.45,70.29
651,City Hotel,Off-Peak,109,175,High,0.64,161.7,103.49
652,Resort Hotel,Peak,69,182,Low,0.36,146.25,52.65
653,City Hotel,Off-Peak,176,276,Low,0.44,306.85,135.01
654,City Hotel,Peak,98,238,High,0.39,204.44,79.73
655,Resort Hotel,Holiday,155,269,Medium,0.96,343.74,329.99
656,City Hotel,Off-Peak,156,270,Medium,0.96,260.53,250.11
657,City Hotel,Off-Peak,173,58,Low,0.69,84.71,58.45
658,City Hotel,Peak,192,165,High,0.94,232.63,218.67
659,Resort Hotel,Off-Peak,78,279,High,0.83,279.73,232.18
660,Resort Hotel,Off-Peak,184,227,Low,0.67,306.05,205.05
661,Resort Hotel,Holiday,58,183,Medium,0.21,249.3,52.35
662,City Hotel,Off-Peak,117,260,Medium,0.82,387.55,317.79
663,City Hotel,Holiday,170,109,Medium,0.76,132.82,100.94
664,Resort Hotel,Peak,128,221,Low,0.69,189.48,130.74
665,City Hotel,Off-Peak,158,170,Medium,0.81,212.97,172.51
666,City Hotel,Holiday,159,188,Low,0.61,232.65,141.92
667,Resort Hotel,Peak,185,243,Low,0.76,302.98,230.26
668,Resort Hotel,Off-Peak,46,224,High,0.95,227.36,215.99
669,City Hotel,Peak,152,157,Medium,0.5,220.08,110.04
670,City Hotel,Off-Peak,172,157,Low,0.77,231.05,177.91
671,City Hotel,Peak,169,250,Medium,0.58,238.1,138.1
672,Resort Hotel,Peak,20,262,Medium,0.74,225.77,167.07
673,Resort Hotel,Holiday,147,265,High,0.81,248.09,200.95
674,Resort Hotel,Peak,87,275,Medium,0.24,377.96,90.71
675,Resort Hotel,Off-Peak,86,263,High,0.72,334.97,241.18
676,City Hotel,Off-Peak,194,180,Low,0.38,224.14,85.17
677,Resort Hotel,Holiday,162,125,Medium,0.74,135.16,100.02
678,Resort Hotel,Off-Peak,11,269,Low,0.57,324.01,184.69
679,Resort Hotel,Off-Peak,73,79,Medium,0.82,80.23,65.79
680,Resort Hotel,Off-Peak,44,267,Low,0.3,302.79,90.84
681,Resort Hotel,Peak,16,289,Medium,0.7,391.64,274.15
682,City Hotel,Peak,94,70,Medium,0.42,104.08,43.71
683,City Hotel,Off-Peak,155,205,Medium,0.88,297.81,262.07
684,Resort Hotel,Holiday,76,297,Medium,0.94,431.75,405.84
685,City Hotel,Peak,51,267,Medium,1.0,288.78,288.78
686,Resort Hotel,Holiday,127,239,Medium,0.84,269.63,226.49
687,Resort Hotel,Off-Peak,134,210,Medium,0.8,271.73,217.38
688,City Hotel,Off-Peak,176,262,Medium,0.37,378.73,140.13
689,City Hotel,Peak,178,212,Medium,0.47,190.67,89.61
690,Resort Hotel,Off-Peak,33,229,Low,0.57,231.97,132.22
691,Resort Hotel,Peak,197,83,High,0.82,74.49,61.08
692,Resort Hotel,Off-Peak,55,90,Medium,0.93,110.56,102.82
693,City Hotel,Off-Peak,28,100,High,0.35,101.44,35.5
694,Resort Hotel,Peak,77,224,Medium,0.94,230.33,216.51
695,Resort Hotel,Peak,111,131,Medium,0.76,111.3,84.59
696,Resort Hotel,Peak,51,107,Low,0.69,111.8,77.14
697,City Hotel,Off-Peak,41,124,Low,0.36,174.06,62.66
698,Resort Hotel,Off-Peak,176,234,High,0.24,225.38,54.09
699,Resort Hotel,Holiday,118,72,Low,0.65,92.64,60.22
700,City Hotel,Peak,45,225,Low,0.72,279.17,201.0
701,Resort Hotel,Off-Peak,106,177,High,0.37,248.59,91.98
702,Resort Hotel,Off-Peak,173,199,Low,0.65,177.63,115.46
703,City Hotel,Peak,140,66,Medium,0.89,97.96,87.18
704,Resort Hotel,Holiday,82,118,High,0.87,142.53,124.0
705,City Hotel,Peak,145,157,High,0.94,235.0,220.9
706,City Hotel,Holiday,106,188,Medium,0.49,270.36,132.48
707,Resort Hotel,Off-Peak,132,143,Low,0.45,136.57,61.46
708,Resort Hotel,Holiday,79,64,High,0.8,53.72,42.98
709,Resort Hotel,Off-Peak,178,140,High,0.54,137.05,74.01
710,Resort Hotel,Peak,22,212,Medium,0.27,247.89,66.93
711,City Hotel,Peak,58,82,Medium,0.43,75.45,32.44
712,Resort Hotel,Peak,69,261,Low,0.53,239.39,126.88
713,City Hotel,Holiday,139,174,High,0.43,195.54,84.08
714,Resort Hotel,Off-Peak,197,65,Low,0.47,53.51,25.15
715,Resort Hotel,Peak,14,211,Low,0.44,186.8,82.19
716,Resort Hotel,Peak,181,115,Medium,0.23,125.48,28.86
717,City Hotel,Off-Peak,36,276,High,0.71,233.0,165.43
718,Resort Hotel,Peak,169,217,High,0.68,233.87,159.03
719,Resort Hotel,Off-Peak,158,297,High,0.72,336.15,242.03
720,Resort Hotel,Off-Peak,17,205,Medium,0.35,228.76,80.07
721,Resort Hotel,Off-Peak,59,96,Medium,0.44,135.21,59.49
722,City Hotel,Off-Peak,76,216,Medium,0.7,252.95,177.06
723,Resort Hotel,Off-Peak,53,247,Medium,0.68,278.51,189.39
724,City Hotel,Holiday,134,250,Medium,0.61,271.87,165.84
725,City Hotel,Peak,67,197,High,0.48,270.35,129.77
726,City Hotel,Holiday,12,173,Low,0.93,246.79,229.51
727,City Hotel,Peak,95,50,High,0.47,69.86,32.83
728,City Hotel,Holiday,79,249,Low,0.56,316.6,177.3
729,City Hotel,Off-Peak,139,296,Medium,0.74,265.26,196.29
730,Resort Hotel,Peak,181,136,Low,0.63,135.16,85.15
731,City Hotel,Peak,11,177,High,0.48,147.31,70.71
732,City Hotel,Holiday,111,240,High,0.55,348.38,191.61
733,City Hotel,Holiday,44,116,Low,0.84,146.46,123.03
734,Resort Hotel,Peak,107,53,Medium,0.42,70.09,29.44
735,Resort Hotel,Holiday,39,235,Medium,0.31,239.25,74.17
736,City Hotel,Holiday,125,202,High,0.45,281.18,126.53
737,Resort Hotel,Holiday,17,96,Low,0.88,94.25,82.94
738,City Hotel,Off-Peak,159,87,Medium,0.27,69.7,18.82
739,City Hotel,Off-Peak,53,192,Medium,0.99,204.19,202.15
740,Resort Hotel,Holiday,195,240,High,0.63,287.89,181.37
741,City Hotel,Holiday,45,70,Medium,0.99,79.46,78.67
742,Resort Hotel,Off-Peak,86,276,Low,0.95,387.35,367.98
743,Resort Hotel,Off-Peak,40,106,High,0.56,92.62,51.87
744,City Hotel,Peak,56,166,High,0.36,197.15,70.97
745,City Hotel,Peak,64,230,Low,0.33,266.59,87.97
746,Resort Hotel,Off-Peak,115,95,High,0.39,94.71,36.94
747,City Hotel,Holiday,199,293,Medium,0.77,403.04,310.34
748,City Hotel,Holiday,167,191,Medium,0.42,253.46,106.45
749,City Hotel,Holiday,130,277,Low,0.47,363.7,170.94
750,Resort Hotel,Holiday,64,253,Medium,0.56,357.57,200.24
751,Resort Hotel,Peak,153,194,Low,0.93,253.35,235.62
752,City Hotel,Off-Peak,21,88,Low,0.35,84.68,29.64
753,Resort Hotel,Holiday,154,186,Medium,0.2,240.66,48.13
754,Resort Hotel,Peak,153,148,Low,0.25,150.28,37.57
755,Resort Hotel,Holiday,149,126,Medium,0.92,122.16,112.39
756,Resort Hotel,Off-Peak,145,256,High,0.72,217.88,156.87
757,Resort Hotel,Peak,12,259,High,0.42,342.09,143.68
758,City Hotel,Off-Peak,153,164,Low,0.34,212.82,72.36
759,City Hotel,Off-Peak,39,274,Medium,0.44,264.18,116.24
760,City Hotel,Peak,32,183,Medium,0.29,242.4,70.3
761,Resort Hotel,Peak,101,268,High,0.95,386.59,367.26
762,Resort Hotel,Peak,124,200,High,0.83,175.12,145.35
763,City Hotel,Peak,113,236,Medium,0.57,227.23,129.52
764,Resort Hotel,Peak,127,140,Low,0.89,185.53,165.12
765,City Hotel,Peak,14,147,High,0.4,145.85,58.34
766,City Hotel,Peak,113,169,Low,0.77,209.1,161.01
767,City Hotel,Holiday,117,95,Low,0.88,81.4,71.63
768,Resort Hotel,Off-Peak,74,87,High,0.49,97.14,47.6
769,Resort Hotel,Peak,130,191,Low,0.81,251.62,203.81
770,City Hotel,Holiday,39,149,Low,0.44,190.8,83.95
771,City Hotel,Holiday,158,294,Medium,0.44,402.94,177.29
772,City Hotel,Holiday,93,121,Low,0.29,171.12,49.62
773,City Hotel,Off-Peak,159,239,Medium,0.55,320.55,176.3
774,Resort Hotel,Peak,41,84,High,0.78,106.69,83.22
775,Resort Hotel,Holiday,170,196,High,0.95,161.15,153.09
776,City Hotel,Off-Peak,25,79,Medium,0.68,92.78,63.09
777,City Hotel,Off-Peak,47,127,High,0.89,104.95,93.41
778,Resort Hotel,Off-Peak,151,133,Low,0.86,181.63,156.2
779,Resort Hotel,Holiday,45,162,Low,0.34,165.97,56.43
780,City Hotel,Peak,160,74,Low,0.59,88.33,52.11
781,City Hotel,Holiday,123,217,High,0.29,216.05,62.65
782,City Hotel,Holiday,75,137,Low,0.75,184.64,138.48
783,Resort Hotel,Peak,114,63,High,0.96,89.49,85.91
784,Resort Hotel,Peak,94,203,Low,0.31,219.05,67.91
785,Resort Hotel,Peak,11,151,Medium,0.79,212.01,167.49
786,City Hotel,Off-Peak,84,264,High,0.71,260.56,185.0
787,City Hotel,Peak,76,199,High,0.67,233.68,156.57
788,Resort Hotel,Holiday,189,225,Low,0.51,315.25,160.78
789,Resort Hotel,Peak,199,298,High,0.48,306.38,147.06
790,City Hotel,Holiday,160,132,High,0.24,193.75,46.5
791,Resort Hotel,Off-Peak,163,159,Medium,0.37,140.77,52.08
792,Resort Hotel,Holiday,64,228,Medium,0.21,185.32,38.92
793,City Hotel,Holiday,15,180,Low,0.67,257.92,172.81
794,Resort Hotel,Peak,172,219,Medium,0.28,185.72,52.0
795,City Hotel,Peak,159,68,Low,0.9,101.61,91.45
796,City Hotel,Holiday,180,250,Low,0.62,366.49,227.22
797,City Hotel,Peak,152,77,Low,0.76,68.99,52.43
798,City Hotel,Off-Peak,95,261,High,0.53,307.02,162.72
799,City Hotel,Off-Peak,69,222,Medium,0.65,206.34,134.12
800,City Hotel,Peak,110,120,Low,0.95,131.97,125.37
801,City Hotel,Off-Peak,21,255,Medium,0.27,214.96,58.04
802,Resort Hotel,Peak,58,112,Low,0.4,107.16,42.86
803,City Hotel,Holiday,51,122,Medium,0.82,128.62,105.47
804,City Hotel,Holiday,175,173,Medium,0.28,191.52,53.63
805,Resort Hotel,Off-Peak,91,168,Low,0.26,249.35,64.83
806,Resort Hotel,Peak,182,170,High,0.49,232.14,113.75
807,Resort Hotel,Peak,44,68,Medium,0.27,89.5,24.17
808,City Hotel,Off-Peak,167,224,High,0.67,263.41,176.48
809,Resort Hotel,Holiday,167,293,High,0.38,406.68,154.54
810,City Hotel,Off-Peak,143,191,Low,0.92,198.17,182.32
811,City Hotel,Holiday,76,169,Low,0.83,219.06,181.82
812,City Hotel,Peak,89,215,Low,0.76,321.56,244.39
813,City Hotel,Holiday,16,230,Medium,0.69,234.66,161.92
814,Resort Hotel,Off-Peak,189,110,Low,0.89,139.9,124.51
815,Resort Hotel,Peak,23,213,Low,0.38,296.29,112.59
816,City Hotel,Off-Peak,82,217,Medium,0.9,312.71,281.44
817,City Hotel,Off-Peak,152,258,Medium,0.83,336.06,278.93
818,City Hotel,Holiday,158,79,Low,0.8,78.88,63.1
819,Resort Hotel,Off-Peak,172,58,Low,0.65,59.65,38.77
820,City Hotel,Holiday,75,113,Low,0.4,92.04,36.82
821,City Hotel,Peak,100,210,Low,0.54,279.85,151.12
822,Resort Hotel,Holiday,139,169,High,0.83,140.26,116.42
823,Resort Hotel,Peak,172,101,High,0.23,141.93,32.64
824,City Hotel,Holiday,29,138,Low,0.83,121.86,101.14
825,Resort Hotel,Off-Peak,19,191,High,0.39,175.78,68.55
826,Resort Hotel,Holiday,34,252,Medium,0.32,285.66,91.41
827,City Hotel,Holiday,34,102,High,0.29,134.28,38.94
828,Resort Hotel,Peak,63,276,High,0.22,247.66,54.49
829,City Hotel,Off-Peak,42,282,Low,0.62,312.47,193.73
830,Resort Hotel,Holiday,173,236,High,0.37,268.57,99.37
831,City Hotel,Off-Peak,104,127,High,0.99,120.47,119.27
832,City Hotel,Holiday,23,271,High,0.66,238.72,157.56
833,City Hotel,Holiday,74,90,High,0.31,124.69,38.65
834,Resort Hotel,Off-Peak,119,245,Medium,0.75,282.17,211.63
835,City Hotel,Holiday,89,117,Low,0.92,94.78,87.2
836,Resort Hotel,Off-Peak,63,269,Low,0.8,366.4,293.12
837,City Hotel,Holiday,134,57,Medium,0.26,84.73,22.03
838,City Hotel,Peak,189,51,High,0.92,62.43,57.44
839,Resort Hotel,Off-Peak,140,154,Medium,0.84,177.5,149.1
840,City Hotel,Holiday,178,174,High,0.33,246.19,81.24
841,City Hotel,Holiday,143,159,Medium,0.24,233.22,55.97
842,Resort Hotel,Peak,34,135,Low,0.65,179.3,116.55
843,City Hotel,Off-Peak,150,218,Low,0.32,242.38,77.56
844,City Hotel,Holiday,126,169,Low,0.87,205.26,178.58
845,City Hotel,Peak,145,176,High,0.49,227.16,111.31
846,City Hotel,Holiday,158,232,High,0.93,217.15,201.95
847,Resort Hotel,Off-Peak,34,65,Medium,0.65,72.35,47.03
848,Resort Hotel,Holiday,88,270,Medium,0.35,372.84,130.49
849,City Hotel,Holiday,77,111,Low,0.31,139.67,43.3
850,Resort Hotel,Holiday,182,162,High,0.66,176.23,116.31
851,City Hotel,Holiday,197,225,Medium,0.81,284.48,230.43
852,Resort Hotel,Peak,21,207,High,0.83,182.73,151.67
853,City Hotel,Peak,41,61,High,0.42,65.94,27.69
854,City Hotel,Off-Peak,137,84,Low,0.36,113.84,40.98
855,City Hotel,Peak,105,60,Low,0.21,57.26,12.02
856,City Hotel,Peak,101,113,High,0.74,105.11,77.78
857,City Hotel,Off-Peak,150,287,High,0.26,420.62,109.36
858,City Hotel,Peak,40,99,High,0.54,93.75,50.62
859,Resort Hotel,Peak,87,262,High,0.68,257.45,175.07
860,City Hotel,Off-Peak,29,198,Low,0.95,292.79,278.15
861,Resort Hotel,Off-Peak,155,118,Medium,0.45,155.09,69.79
862,City Hotel,Off-Peak,69,97,Low,0.4,125.1,50.04
863,Resort Hotel,Holiday,143,69,Medium,0.72,96.4,69.41
864,Resort Hotel,Holiday,169,150,High,0.7,132.16,92.51
865,Resort Hotel,Off-Peak,102,244,Medium,0.47,315.78,148.42
866,City Hotel,Off-Peak,52,221,Low,0.94,254.72,239.44
867,City Hotel,Off-Peak,139,210,Low,0.88,289.89,255.1
868,Resort Hotel,Holiday,69,294,High,0.38,339.78,129.12
869,City Hotel,Holiday,160,250,Low,0.39,308.54,120.33
870,Resort Hotel,Peak,40,238,High,0.61,269.99,164.69
871,City Hotel,Peak,14,186,Low,0.82,211.06,173.07
872,Resort Hotel,Off-Peak,171,117,Low,0.24,156.5,37.56
873,Resort Hotel,Holiday,19,84,High,0.75,104.16,78.12
874,City Hotel,Holiday,98,258,Medium,0.72,320.77,230.95
875,Resort Hotel,Holiday,139,275,Low,0.39,306.68,119.61
876,City Hotel,Off-Peak,135,265,Medium,0.75,310.52,232.89
877,Resort Hotel,Peak,20,273,Low,0.95,360.91,342.86
878,Resort Hotel,Off-Peak,187,114,Low,0.24,157.11,37.71
879,City Hotel,Peak,168,57,Low,0.46,73.39,33.76
880,City Hotel,Peak,65,94,Low,0.55,136.0,74.8
881,City Hotel,Off-Peak,92,136,Medium,0.92,186.89,171.94
882,Resort Hotel,Peak,146,224,Medium,0.97,267.3,259.28
883,City Hotel,Peak,108,217,Low,0.56,275.59,154.33
884,Resort Hotel,Holiday,158,125,Low,0.8,181.05,144.84
885,Resort Hotel,Peak,82,231,Medium,0.63,284.92,179.5
886,City Hotel,Off-Peak,165,125,High,0.63,172.17,108.47
887,City Hotel,Off-Peak,199,223,High,0.42,285.92,120.09
888,Resort Hotel,Peak,124,96,Medium,0.37,113.89,42.14
889,Resort Hotel,Holiday,16,64,Low,0.43,62.03,26.67
890,City Hotel,Holiday,89,154,Low,0.65,169.12,109.93
891,City Hotel,Peak,153,196,High,0.22,289.57,63.71
892,City Hotel,Peak,106,75,High,0.93,94.53,87.91
893,City Hotel,Off-Peak,13,101,Medium,0.33,120.7,39.83
894,City Hotel,Peak,13,142,High,0.38,206.34,78.41
895,Resort Hotel,Holiday,112,199,Medium,0.61,240.9,146.95
896,Resort Hotel,Peak,49,281,High,0.77,328.28,252.78
897,Resort Hotel,Off-Peak,26,70,High,0.28,93.21,26.1
898,Resort Hotel,Off-Peak,110,100,High,0.45,129.89,58.45
899,City Hotel,Off-Peak,112,87,Low,0.97,81.36,78.92
900,City Hotel,Off-Peak,133,69,Low,0.41,77.96,31.96
901,City Hotel,Off-Peak,61,298,Low,0.45,336.97,151.64
902,Resort Hotel,Peak,61,206,High,0.87,219.34,190.83
903,Resort Hotel,Peak,173,228,Medium,0.24,264.96,63.59
904,City Hotel,Peak,133,181,Medium,0.57,197.14,112.37
905,City Hotel,Peak,175,104,Medium,0.5,97.71,48.86
906,Resort Hotel,Off-Peak,187,248,Medium,0.45,269.99,121.5
907,Resort Hotel,Holiday,72,141,Low,0.43,119.93,51.57
908,City Hotel,Peak,125,77,Low,0.27,92.63,25.01
909,City Hotel,Holiday,71,53,High,0.45,74.07,33.33
910,Resort Hotel,Peak,16,199,High,0.23,260.23,59.85
911,City Hotel,Peak,164,125,Medium,0.82,131.53,107.85
912,City Hotel,Holiday,101,222,Low,0.52,191.13,99.39
913,City Hotel,Off-Peak,23,116,Medium,0.56,109.21,61.16
914,Resort Hotel,Peak,95,135,High,0.91,159.55,145.19
915,Resort Hotel,Peak,142,285,High,0.73,269.31,196.6
916,Resort Hotel,Peak,192,243,Medium,0.21,286.93,60.26
917,Resort Hotel,Holiday,139,265,High,0.95,254.96,242.21
918,Resort Hotel,Off-Peak,71,211,Medium,0.39,294.19,114.73
919,Resort Hotel,Holiday,158,140,Low,0.29,150.93,43.77
920,Resort Hotel,Holiday,88,232,Medium,0.81,225.48,182.64
921,City Hotel,Off-Peak,158,154,Low,0.6,210.77,126.46
922,City Hotel,Holiday,147,50,Low,0.55,52.0,28.6
923,City Hotel,Off-Peak,67,121,High,0.4,106.24,42.5
924,City Hotel,Peak,129,136,High,0.64,163.1,104.38
925,City Hotel,Off-Peak,176,215,High,0.42,259.53,109.0
926,City Hotel,Peak,142,55,Medium,0.92,71.52,65.8
927,City Hotel,Holiday,74,263,Medium,0.37,254.62,94.21
928,Resort Hotel,Holiday,22,202,High,0.91,224.35,204.16
929,Resort Hotel,Peak,190,259,Medium,0.65,258.39,167.95
930,City Hotel,Holiday,91,194,High,0.86,166.19,142.92
931,City Hotel,Off-Peak,182,110,Medium,0.77,155.5,119.74
932,Resort Hotel,Peak,169,61,Low,0.76,79.92,60.74
933,City Hotel,Holiday,173,55,Low,0.46,55.61,25.58
934,City Hotel,Peak,197,267,High,0.39,325.62,126.99
935,Resort Hotel,Off-Peak,148,76,Medium,0.37,71.51,26.46
936,City Hotel,Off-Peak,158,185,Medium,0.89,263.29,234.33
937,Resort Hotel,Holiday,61,260,Low,0.86,228.91,196.86
938,City Hotel,Off-Peak,192,173,Low,0.55,138.86,76.37
939,Resort Hotel,Peak,126,155,High,0.31,178.47,55.33
940,Resort Hotel,Off-Peak,35,242,Low,0.51,292.38,149.11
941,Resort Hotel,Peak,43,234,High,0.7,282.03,197.42
942,City Hotel,Peak,61,142,Low,0.56,119.02,66.65
943,Resort Hotel,Off-Peak,121,158,Low,0.82,161.13,132.13
944,City Hotel,Holiday,91,290,Medium,1.0,333.34,333.34
945,City Hotel,Off-Peak,189,148,Low,0.35,140.84,49.29
946,City Hotel,Peak,166,217,Low,0.57,306.15,174.51
947,City Hotel,Peak,175,191,High,0.54,164.45,88.8
948,Resort Hotel,Off-Peak,51,84,Low,0.44,95.86,42.18
949,Resort Hotel,Holiday,30,225,High,0.36,288.9,104.0
950,City Hotel,Holiday,51,286,Low,0.25,281.2,70.3
951,City Hotel,Peak,150,133,Low,0.91,164.52,149.71
952,Resort Hotel,Peak,122,105,High,0.54,144.96,78.28
953,City Hotel,Holiday,114,226,Medium,0.6,210.91,126.55
954,Resort Hotel,Off-Peak,26,190,High,0.93,273.99,254.81
955,City Hotel,Peak,129,238,High,0.82,282.62,231.75
956,City Hotel,Peak,146,279,High,0.3,281.64,84.49
957,Resort Hotel,Holiday,178,98,Medium,0.65,107.96,70.17
958,City Hotel,Off-Peak,138,95,Low,0.55,96.76,53.22
959,Resort Hotel,Holiday,139,162,High,0.84,211.83,177.94
960,City Hotel,Off-Peak,69,239,High,0.78,324.42,253.05
961,City Hotel,Off-Peak,57,185,Medium,0.75,255.87,191.9
962,City Hotel,Off-Peak,38,92,High,0.47,137.08,64.43
963,Resort Hotel,Peak,106,197,Low,0.84,266.72,224.04
964,City Hotel,Holiday,19,173,Medium,0.24,211.23,50.7
965,City Hotel,Holiday,67,146,Low,0.33,151.47,49.99
966,City Hotel,Off-Peak,197,139,Low,0.47,164.19,77.17
967,City Hotel,Peak,30,88,Medium,0.26,72.93,18.96
968,Resort Hotel,Peak,37,134,High,0.39,177.06,69.05
969,Resort Hotel,Holiday,43,294,Low,0.86,326.98,281.2
970,City Hotel,Peak,17,226,Low,0.96,183.97,176.61
971,Resort Hotel,Peak,196,241,Low,0.44,203.34,89.47
972,City Hotel,Off-Peak,186,111,Low,0.41,118.91,48.75
973,City Hotel,Peak,88,155,Medium,0.42,187.3,78.67
974,City Hotel,Off-Peak,154,156,Medium,0.42,175.49,73.71
975,Resort Hotel,Holiday,197,103,Low,0.23,127.04,29.22
976,Resort Hotel,Peak,96,175,High,0.94,198.84,186.91
977,Resort Hotel,Holiday,97,282,Low,0.37,356.22,131.8
978,Resort Hotel,Holiday,182,58,High,0.54,55.3,29.86
979,Resort Hotel,Peak,78,137,Low,0.21,120.42,25.29
980,Resort Hotel,Peak,169,86,High,0.89,104.71,93.19
981,Resort Hotel,Holiday,181,98,Low,0.78,111.65,87.09
982,Resort Hotel,Peak,96,90,High,0.96,73.69,70.74
983,Resort Hotel,Off-Peak,110,66,Low,0.83,70.38,58.42
984,City Hotel,Off-Peak,17,137,Low,0.45,119.78,53.9
985,Resort Hotel,Peak,86,70,High,0.4,82.04,32.82
986,Resort Hotel,Holiday,96,100,Medium,0.76,107.7,81.85
987,Resort Hotel,Peak,52,108,High,0.49,132.75,65.05
988,Resort Hotel,Peak,138,216,Medium,0.65,294.61,191.5
989,Resort Hotel,Holiday,118,232,Low,0.21,234.27,49.2
990,Resort Hotel,Holiday,188,90,High,0.25,132.61,33.15
991,Resort Hotel,Off-Peak,161,88,High,0.63,103.4,65.14
992,Resort Hotel,Holiday,161,190,High,0.65,234.23,152.25
993,Resort Hotel,Off-Peak,26,241,Medium,0.8,307.63,246.1
994,Resort Hotel,Holiday,142,60,Medium,0.31,76.0,23.56
995,Resort Hotel,Peak,157,287,Low,0.61,332.25,202.67
996,City Hotel,Off-Peak,30,196,Medium,0.36,215.63,77.63
997,City Hotel,Off-Peak,67,188,Medium,0.27,157.48,42.52
998,Resort Hotel,Off-Peak,168,126,Low,0.53,102.75,54.46
999,Resort Hotel,Peak,119,176,High,0.33,184.9,61.02
1000,City Hotel,Peak,148,95,High,0.38,98.19,37.31
